sample,label
GSM494556,disease
GSM494557,disease
GSM494558,disease
GSM494559,disease
GSM494560,disease
GSM494561,disease
GSM494562,disease
GSM494563,disease
GSM494564,disease
GSM494565,disease
GSM494566,disease
GSM494567,disease
GSM494568,disease
GSM494569,disease
GSM494570,disease
GSM494571,disease
GSM494572,disease
GSM494573,disease
GSM494574,disease
GSM494575,disease
GSM494576,disease
GSM494577,disease
GSM494578,disease
GSM494579,disease
GSM494580,disease
GSM494581,disease
GSM494582,disease
GSM494583,disease
GSM494584,disease
GSM494585,disease
GSM494586,disease
GSM494587,disease
GSM494588,disease
GSM494589,disease
GSM494590,disease
GSM494591,disease
GSM494592,disease
GSM494593,disease
GSM494594,disease
GSM494595,disease
GSM494596,disease
GSM494597,disease
GSM494598,disease
GSM494599,disease
GSM494600,disease
GSM494601,disease
GSM494602,disease
GSM494603,disease
GSM494604,disease
GSM494605,disease
GSM494606,disease
GSM494607,disease
GSM494608,disease
GSM494609,disease
GSM494610,disease
GSM494611,disease
GSM494612,disease
GSM494613,disease
GSM494614,disease
GSM494615,disease
GSM494616,healthy
GSM494617,healthy
GSM494618,healthy
GSM494619,healthy
GSM494620,healthy
GSM494621,healthy
GSM494622,healthy
GSM494623,healthy
GSM494624,healthy
GSM494625,healthy
GSM494626,healthy
GSM494627,healthy
GSM494628,healthy
GSM494629,healthy
GSM494630,healthy
GSM494631,healthy
GSM494632,healthy
GSM494633,healthy
GSM494634,healthy
GSM494635,healthy
GSM494636,healthy
GSM494637,healthy
GSM494638,healthy
GSM494639,healthy
GSM494640,healthy
GSM494641,healthy
GSM494642,healthy
GSM494643,healthy
GSM494644,healthy
GSM494645,healthy
GSM494646,healthy
GSM494647,healthy
GSM494648,healthy
GSM494649,healthy
GSM494650,healthy
GSM494651,healthy
GSM494652,healthy
GSM494653,healthy
GSM494654,healthy
GSM494655,healthy
GSM494656,healthy
GSM494657,healthy
GSM494658,healthy
GSM494659,healthy
GSM494660,healthy
GSM494661,healthy
GSM494662,healthy
GSM494663,healthy
GSM494664,healthy
GSM494665,healthy
GSM494666,healthy
GSM494667,healthy
GSM494668,healthy
GSM494669,healthy
GSM494670,healthy
GSM494671,healthy
GSM494672,healthy
GSM494673,healthy
GSM494674,healthy
GSM494675,healthy
